[ "ReflectivePipelineSettings", {
  "pipelineIndex" : 1,
  "pipelineType" : "Reflective",
  "inputImageRotationMode" : "DEG_0",
  "pipelineNickname" : "Cam2_VisionTape",
  "cameraAutoExposure" : false,
  "cameraExposure" : 2.4,
  "cameraBrightness" : 29,
  "cameraGain" : -1,
  "cameraRedGain" : -1,
  "cameraBlueGain" : -1,
  "cameraVideoModeIndex" : 4,
  "streamingFrameDivisor" : "NONE",
  "ledMode" : true,
  "inputShouldShow" : true,
  "outputShouldShow" : true,
  "hsvHue" : {
    "first" : 25,
    "second" : 56
  },
  "hsvSaturation" : {
    "first" : 107,
    "second" : 181
  },
  "hsvValue" : {
    "first" : 120,
    "second" : 181
  },
  "hueInverted" : false,
  "outputShouldDraw" : true,
  "outputShowMultipleTargets" : false,
  "contourArea" : {
    "first" : 0.0,
    "second" : 14.42
  },
  "contourRatio" : {
    "first" : 1.0,
    "second" : 32.6
  },
  "contourFullness" : {
    "first" : 1.0,
    "second" : 100.0
  },
  "contourSpecklePercentage" : 33,
  "contourSortMode" : "Centermost",
  "contourTargetOffsetPointEdge" : "Center",
  "contourTargetOrientation" : "Portrait",
  "offsetRobotOffsetMode" : "None",
  "offsetSinglePoint" : {
    "x" : 0.0,
    "y" : 0.0
  },
  "offsetDualPointA" : {
    "x" : 0.0,
    "y" : 0.0
  },
  "offsetDualPointAArea" : 0.0,
  "offsetDualPointB" : {
    "x" : 0.0,
    "y" : 0.0
  },
  "offsetDualPointBArea" : 0.0,
  "contourGroupingMode" : "Single",
  "contourIntersection" : "Up",
  "solvePNPEnabled" : false,
  "targetModel" : "k2020HighGoalOuter",
  "cornerDetectionStrategy" : "APPROX_POLY_DP_AND_EXTREME_CORNERS",
  "cornerDetectionUseConvexHulls" : true,
  "cornerDetectionExactSideCount" : false,
  "cornerDetectionSideCount" : 4,
  "cornerDetectionAccuracyPercentage" : 10.0,
  "contourFilterRangeX" : 1.1,
  "contourFilterRangeY" : 1.0
} ]